,provider,label,failed req. [%]
3,azure,p1,0.615506329113924
5,azure,p2,0.5385762206485277
7,gcf,p1,0.002238388360380526
